bucket,score,rank,address,total_pnl,roi,win_rate,max_drawdown_pct,closed_positions,open_positions_count,total_open_upnl,negative_open_upnl,account_total_value,leverage_ratio,latest_trade_at,recent_symbols,top_open_positions,review_reason
watch,94,38,0xbb9f0315243db63fc34c51f96ad5bb7ce6e275e2,170474.07,341.15,99.59,0.01,1974,0,0,0,49969.77,1,2026-05-19T09:45:08.918275+00:00,,,Clean historical profile with no current open-book noise; watch for reactivation.
watch,72,24,0xf3362789cecf25c6a31288d172880d7ad9b81801,334867.69,26.33,97.79,3.15,1040,0,0,0,71656.07,1,2026-05-19T10:39:45.258243+00:00,,,Clean historical profile with no current open-book noise; watch for reactivation.
watch,59,109,0xd04aeccdf15e49f2654ae4e25db1666d48c85c4e,34022.64,34.27,92.83,8.41,502,0,0,0,0.01,1,2026-04-30T11:31:28.720575+00:00,,,Clean historical profile with no current open-book noise; watch for reactivation.
watch,54,135,0xee2549522a965522877497578d6f135084f2994a,23533.26,3.33,94.16,11.13,1268,1,0,0,707429.94,3.01,2026-05-08T08:55:12.605809+00:00,,,Clean historical profile with no current open-book noise; watch for reactivation.
monitor,71,74,0x031f72deb03c509af42624ddcd1f63fce5ecb220,66227.94,73.89,98.95,0.07,665,1,10067.549030000011,0,424498.83,0.48,2026-05-19T10:41:12.479281+00:00,,"ZEC L $10,068",Current open book is active and readable; monitor changes/unwinds before promoting.
monitor,69,14,0x69cc3ae720efdff1cd2a8edec79a7a3fac6e14fd,805715.11,2.52,99.86,0,2105,4,-767927.2484469998,-1085421.3771,31928505.32,0.17,2026-05-18T18:11:18.776000+00:00,xyz:SPCX; BTC,"HYPE S $-1,081,376; SOL S $313,338; ZEC L $4,156; BTC L $-4,045",Current open book is active and readable; monitor changes/unwinds before promoting.
monitor,67,13,0x143c28ae5b8642f58c98b8a6f82a0f314d23f6ab,876569.34,68.73,91.06,0.2,1824,1,392.4999999999912,0,1277315.32,0.19,2026-05-19T07:28:46.700000+00:00,xyz:GOOGL; xyz:CBRS; HYPE; xyz:MU,HYPE L $392,Current open book is active and readable; monitor changes/unwinds before promoting.
monitor,67,47,0x6979dde2781dc4ec843641b10b2a2f2e0f4bda62,128868.07,18.4,100,0,537,1,198759.15025199988,0,389637.2,8.55,2026-05-18T15:19:19.549000+00:00,BTC,"BTC S $198,759",Current open book is active and readable; monitor changes/unwinds before promoting.
monitor,61,11,0xa3d843b6a057504284006bef6f34a2e9bc80fb6b,1108324.16,4875.06,92.33,12.38,2502,1,-10186.5,-10186.5,22734.56,10.13,2026-05-19T05:54:36.680000+00:00,xyz:SPCX; xyz:TSLA; xyz:CBRS; xyz:MSTR; BTC,"BTC L $-10,186",Current open book is active and readable; monitor changes/unwinds before promoting.
monitor,52,51,0xa4add8273d7f47318675bdfbcce3e9648cdb4509,119269.88,122.32,89.48,14.96,732,1,-2288.685466000011,-2288.685466000011,94775.98,5.13,2026-05-18T20:24:26.450000+00:00,FARTCOIN; SOL,"SOL L $-2,289",Current open book is active and readable; monitor changes/unwinds before promoting.
monitor,34,251,0x5af5bc81a11a1b28b0960752ea4d86c5ac34f245,6770.48,13.82,84.7,12.52,843,3,-147.57000000000016,-155.88000000000017,1927.07,3.19,2026-05-19T10:13:18.642146+00:00,,VVV S $-156; LINK S $5; kLUNC S $4,Current open book is active and readable; monitor changes/unwinds before promoting.
monitor,32,187,0x440888714a6afed60ff44e9975a96e6a36f7fac4,11432.94,2.75,83.54,13.03,1039,6,-8149.770521999976,-8944.283054999976,252168.25,2.03,2026-05-19T10:41:29.870000+00:00,ETH; xyz:BRENTOIL; ENA; CRV; BTC,"BTC L $-6,146; ENA S $-2,229; PAXG S $679; LDO L $-357; ETH L $-212; CRV S $116",Current open book is active and readable; monitor changes/unwinds before promoting.
monitor,30,267,0x7fa8a6161b17b4ee11ee591878de6930286300d0,6069.38,6.15,83.4,14.01,723,1,-21080.316000000003,-21080.316000000003,99706.61,5.86,2026-05-15T02:59:42.868000+00:00,HYPE,"HYPE S $-21,080",Current open book is active and readable; monitor changes/unwinds before promoting.
monitor,22,275,0x9bbf40a5cd58a832696c1ae903459c6c2e930150,5683.95,6.89,82.51,12.85,772,1,836.8265259999507,0,16667.97,38.98,2026-05-19T09:57:15.340158+00:00,,BTC L $837,Current open book is active and readable; monitor changes/unwinds before promoting.
risk_monitor,63,4,0xfd423284f6a9c73a2a3d53cab8921d6533533d97,2525959.31,215.6,100,0,890,1,-1689521.8283399981,-1689521.8283399981,1207577.69,18.25,2026-05-19T10:41:02.970200+00:00,,"ETH L $-1,689,522","Current book has large unrealized loss ($-1,689,522); useful as risk/liquidation monitor, not clean smart-money feed."
risk_monitor,61,2,0x06cecfbac34101ae41c88ebc2450f8602b3d164b,5627055.24,399.97,97.15,0,701,6,2390499.3648230005,-1213976.9941399994,1344962.16,10.47,2026-05-16T12:05:02.787000+00:00,@150; AAVE,"SOL S $3,028,541; HYPE S $-730,055; MON S $-483,922; BTC S $411,320; ETH S $120,020; AAVE S $44,596","Current book has large unrealized loss ($-1,213,977); useful as risk/liquidation monitor, not clean smart-money feed."
risk_monitor,53,16,0x0daf132c5554fd7d5eb422585426af557d8847e0,619021.72,50.94,99.75,0.03,1208,3,-55396.82636799998,-75755.298112,1204261.82,1.3,2026-05-19T10:29:42.355000+00:00,FARTCOIN; @162,"MON S $-66,801; FARTCOIN S $20,358; HYPE S $-8,955","Current book has large unrealized loss ($-75,755); useful as risk/liquidation monitor, not clean smart-money feed."
risk_monitor,52,7,0x9c89f595f5515609ad61f6fda94beff85ae6600e,1713948.61,16.68,100,0,2375,2,-6666516.642750001,-6666516.642750001,10299440.17,1.62,2026-05-19T10:38:19.789994+00:00,,"SOL L $-5,806,176; DYDX L $-860,340","Current book has large unrealized loss ($-6,666,517); useful as risk/liquidation monitor, not clean smart-money feed."
risk_monitor,45,6,0xa875890465da20062bcf3b024bf7d54e69c725a8,1928957.04,29.82,100,0,729,1,-3905100.0000000023,-3905100.0000000023,6460586.32,10.02,2026-05-17T23:48:13.788000+00:00,ETH,"ETH L $-3,905,100","Current book has large unrealized loss ($-3,905,100); useful as risk/liquidation monitor, not clean smart-money feed."
risk_monitor,18,114,0xede948f02ead52b7140647fc383a726685114256,32186.73,7.9,88.25,14.21,953,1,-83440.43697599997,-83440.43697599997,237200.77,3.04,2026-05-19T10:30:18.692106+00:00,,"BTC S $-83,440","Current book has large unrealized loss ($-83,440); useful as risk/liquidation monitor, not clean smart-money feed."
risk_monitor,14,240,0x279f7364049b22bb8a456532250c473e7b491619,7087.15,1.16,83.23,9.46,805,1,-33436.19999999992,-33436.19999999992,508150.76,4.3,2026-05-19T10:40:33.361682+00:00,,"BTC L $-33,436","Current book has large unrealized loss ($-33,436); useful as risk/liquidation monitor, not clean smart-money feed."
exclude_or_low_priority,56,247,0x279818c822e5c6135d989df50d0bba96e9564ce5,6934.71,1.45,97.58,9.68,1197,0,0,0,477905.95,1,2026-05-19T10:40:39.873877+00:00,,,Positive but small edge; likely not worth scarce manual-review time yet.
exclude_or_low_priority,51,210,0x34e51fecdb28fdbf7a0e1284981e0bcdb724d851,9546.7,93.82,81.4,8.82,715,0,0,0,20408.43,1,2026-05-19T09:55:18.161752+00:00,,,Positive but small edge; likely not worth scarce manual-review time yet.
exclude_or_low_priority,47,252,0x241066637dea18ef8fdcb1af0a920daa93c3bec0,6718.91,43.35,87.1,12.75,682,1,0,0,167.05,4.79,2026-05-07T15:54:14.844016+00:00,,,Positive but small edge; likely not worth scarce manual-review time yet.
exclude_or_low_priority,35,108,0x75ee7dfabcbbb47f8b2abaf1f533b59d3e25354f,35343.93,17.21,96.09,1.17,767,12,93126.84059700002,-1574.618725,295575.89,1.03,2026-05-19T10:29:56.033007+00:00,,"HYPE L $46,511; GRIFFAIN S $39,337; ZORA S $2,781; WLD S $2,194; AVAX S $1,461; ZRO S $1,232; KAITO S $879; SOL L $-668",Too many open positions (12); likely noisy for Telegram alerts.
exclude_or_low_priority,31,385,0xb5714d5ed496d5a7564c821f7127ce1a77fa75f8,1250.39,2.03,80.13,14.26,921,0,0,0,100,1,2026-05-19T10:14:32.344965+00:00,,,Positive but small edge; likely not worth scarce manual-review time yet.
exclude_or_low_priority,12,273,0xdc207db4fa8a77e6ff038fe20816ba955a4940cb,5773.91,10.68,89.02,12.81,1621,22,1220.943465000001,-6589.349451,62945.04,1.94,2026-05-19T10:40:27.940542+00:00,,"ZEC S $-5,308; TON S $3,227; TAO S $1,110; NEAR S $-986; AZTEC S $793; kPEPE S $539; ENA S $515; AAVE S $406",Too many open positions (22); likely noisy for Telegram alerts.
exclude_or_low_priority,9,207,0xea4fc1ae43d644b35e6874c32c49516ccb21df32,9732.31,2.62,81.99,8.99,1094,162,-5217.774762999981,-24387.52670899998,302929.02,2.81,2026-05-19T10:38:15.678000+00:00,HYPE; NEAR; STBL; IO; PURR; ONDO; BNB; BLUR,"BTC L $-15,501; ETH L $-1,681; AAVE L $-1,612; PENDLE L $-1,451; STRK S $1,374; LDO L $-1,002; WLFI S $919; BLUR S $839",Too many open positions (162); likely noisy for Telegram alerts.
